{"layerSizes":[4,5,3],"activationFunctions":["ReLU","ReLU","None"],"weights":[0.32031091189259875,0.3836392056424869,0.7646859532690833,0.869001006163442,0.3333755739298947,0.6216392685435571,0.38477808709891936,0.8802320060074544,0.6502071438174378,0.7488696683307763,0.6822965804478603,0.02909579928923922,0.4904016078471709,0.23672968155173835,0.07716837650934638,0.6581821877965509,0.5354874487742937,0.2142456917787583,0.4848350500196572,0.25317176802123387,0.06042244932006313,0.10506676950086757,0.7275116590726387,0.24808656411458696,0.854000703994956,0.6268018619914482,0.19861935154807975,0.4745682922719694,0.15764010008788576,0.9408378512611282,0.38322796099539114,0.4392244026053034,0.5399514123041841,0.41704162506223397,0.13032269451166645]}
