{"layerSizes":[4,5,3],"activationFunctions":["ReLU","ReLU","None"],"weights":[0.30143569755409566,0.7828889360515698,0.4883781261883254,0.3143342374709381,0.5977932842959748,0.2895781669224368,0.9637342088482647,0.9717984863517792,0.5918853415795866,0.7566495715226061,0.7076231945475566,0.46579527456095654,0.978991204570263,0.7471977621369565,0.5174082983286136,0.9352450510576734,0.2936869026532412,0.6882949163314971,0.6052748139194707,0.11347638388643273,0.4424111923939406,0.9803344498400568,0.9177461893098262,0.48927536162321733,0.564707845198771,0.23694415826894072,0.5850467795835257,0.28183096519880085,0.9774028791328778,1.034376056939589,1.0215748306871344,1.0307373644253053,0.8258059323057607,0.7533211726253239,0.2287349599830591]}
