{"layerSizes":[4,5,3],"activationFunctions":["Leaky_ReLU","Leaky_ReLU","None"],"weights":[1.2308608934133156,0.24785327569537552,0.6014171692790913,1.5299491354701056,-0.9547286913548418,1.8131868118883427,-1.4944084816570997,-0.9917224348501408,-0.14462956854947806,-0.47459246566728885,-1.7816411818246187,-0.8637385382089888,-0.3313952215526019,-1.5664992894771153,0.5155352783343807,-1.6202916359098614,-0.974245473247376,2.1385248722299064,-1.5595658060814193,0.9370791982904683,-0.4378952649399708,-0.006772232643360132,-1.235698068109359,0.072619076213297,-1.6313397295872425,1.8227740315319436,-1.0240715683883794,-0.59996804833542,0.0990644191125396,0.4377266886291089,-1.2414610105459587,-1.1073871027200626,-0.2668042961230268,1.4026738376445445,-1.77036366224736]}
