{"layerSizes":[4,5,3],"activationFunctions":["ReLU","ReLU","None"],"weights":[0.9818890939664681,0.8176967913630666,0.5607319729788873,0.27932646614561113,0.16455638012492196,0.8067236144403802,0.730999536348374,0.7118869555162101,0.7836054576339552,0.5506596369628606,0.6102690297938504,0.6271990487361621,0.07624051196222566,0.5966196459128387,0.7252520815830724,0.48864299825341345,0.26122729221037316,0.20645487017130865,0.6371551758725793,0.5705572104394716,0.5509458607915924,0.612190985611498,0.7571875445870507,0.44637980434297003,0.8289509519026319,0.26399198924655604,0.885786513624109,0.25096890375917497,0.25092552013193087,0.6310227353147345,0.5232250905568163,0.4782037068423553,0.1992967031469181,0.2911406870078778,0.9452150273972217]}
