{"layerSizes":[1,1,1],"activationFunctions":["Leaky_ReLU","Leaky_ReLU","None"],"weights":[-0.5598907731624496,-1.7004291430366247],"biases":[0.9654771648976643,1.4058292115215567,1.44376156472493]}
