{"layerSizes":[4,5,3],"activationFunctions":["Leaky_ReLU","Leaky_ReLU","None"],"weights":[1.37162892244244,-0.25243348586811387,-0.4720145564083047,0.25730994300490284,-0.13740453182848422,-0.7726063961086618,0.38452870615102874,0.6138236147199518,-1.4957475195098382,1.88333818406225,-0.4267252908656298,0.49207155137502845,-1.64554404843198,0.8261987192977158,-1.6541806492133808,-0.7238619565992217,-0.41646782223301115,1.9335339536509366,0.6072292584184749,0.5894249166087184,0.7976984268191756,1.63759927972457,-1.028314151825376,2.012113177027012,0.1431512140338329,1.3128993993404738,1.210009411544772,0.21833542874802436,1.6058485779695708,-1.5155791582616696,-1.0017599237256147,1.807216327808613,1.246032988482257,0.026572381883505525,1.7099304654621714]}
