{"layerSizes":[4,5,3],"activationFunctions":["ReLU","ReLU","None"],"weights":[0.974013584443981,0.5578673281205175,0.9075224862141237,0.6099499449440209,0.34844976017751705,0.9161624485183784,0.271743498637419,0.964442233602961,0.5367500799456073,0.9105355967905806,0.422916159863577,0.25014061924390296,0.04453559743048441,0.44153332232166886,0.9475035810354804,0.6344535482504663,0.7862490731287932,0.4099186572545177,0.600546792435337,0.6784921743387631,0.14570853413814577,0.21904747567868255,0.3378235035427958,0.6437007292258168,0.32092847067548225,0.25734962362780567,0.8061631793053882,0.009290885020868722,0.15579705294697876,0.08667831185800101,0.17495995341694714,0.25851051699191263,0.015850697862410112,0.5111715421045137,0.6138426255328584]}
